season,name,goals
2019,Jamie Vardy,23
2019,Pierre-Emerick Aubameyang,22
2019,Danny Ings,22
2019,Raheem Sterling,20
2019,Mohamed Salah,19
2019,Harry Kane,18
2019,Sadio Mané,18
2019,Raúl Jiménez,17
2019,Anthony Martial,17
2019,Marcus Rashford,17
2019,Sergio Agüero,16
2019,Tammy Abraham,15
2019,Gabriel Jesus,14
2019,Chris Wood,14
2019,Dominic Calvert-Lewin,13
2019,Richarlison,13
2019,Kevin De Bruyne,13
2019,Riyad Mahrez,11
2019,Teemu Pukki,11
2019,Son Heung-Min,11
2019,Michail Antonio,10
2019,Troy Deeney,10
2019,Mason Greenwood,10
2019,Alexandre Lacazette,10
2019,Neal Maupay,10
2019,Jordan Ayew,9
2019,Roberto Firmino,9
2019,Willian,9
2019,Christian Pulisic,9
2019,Dele Alli,8
2019,Bruno Fernandes,8
2019,Olivier Giroud,8
2019,Jack Grealish,8
2019,Ayoze Pérez,8
2019,Jay Rodriguez,8
2019,Callum Wilson,8
2019,Sébastien Haller,7
2019,Mason Mount,7
2019,Diogo Jota,7
2019,Harry Wilson,7
2019,Harvey Barnes,6
2019,Ashley Barnes,6
2019,Todd Cantwell,6
2019,Trézéguet,6
2019,Joshua King,6
2019,James Maddison,6
2019,Oliver McBurnie,6
2019,Lys Mousset,6
2019,Jonjo Shelvey,6
2019,David Silva,6
2019,Bernardo Silva,6
2019,Stuart Armstrong,5
2019,John Fleck,5
2019,Phil Foden,5
2019,Kelechi Iheanacho,5
2019,John Lundstram,5
2019,Wesley,5
2019,Nicolas Pépé,5
2019,Ismaila Sarr,5
2019,Robert Snodgrass,5
2019,Leandro Trossard,5
2019,Virgil van Dijk,5
2019,James Ward-Prowse,5
2019,Andriy Yarmolenko,5
2019,Che Adams,4
2019,Trent Alexander-Arnold,4
2019,Miguel Almirón,4
2019,Marcos Alonso,4
2019,Leander Dendoncker,4
2019,Gerard Deulofeu,4
2019,Matt Doherty,4
2019,Abdoulaye Doucouré,4
2019,Anwar El Ghazi,4
2019,Jorginho,4
2019,Dwight Gayle,4
2019,Jordan Henderson,4
2019,Scott McTominay,4
2019,Mark Noble,4
2019,Divock Origi,4
2019,Alex Oxlade-Chamberlain,4
2019,Nathan Redmond,4
2019,Lucas Moura,4
2019,Adama Traoré,4
2019,Georginio Wijnaldum,4
2019,Wilfried Zaha,4
2019,Bernard,3
2019,Ricardo Pereira,3
2019,Steven Bergwijn,3
2019,Ben Chilwell,3
2019,Aaron Connolly,3
2019,Aaron Cresswell,3
2019,Issa Diop,3
2019,Lewis Dunk,3
2019,Dan Gosling,3
2019,Rodrigo,3
2019,Conor Hourihane,3
2019,Daniel James,3
2019,N'Golo Kanté,3
2019,Pedro Neto,3
2019,Gabriel Martinelli,3
2019,John McGinn,3
2019,Luka Milivojevic,3
2019,Michael Obafemi,3
2019,Roberto Pereyra,3
2019,Allan Saint-Maximin,3
2019,Jeffrey Schlupp,3
2019,Billy Sharp,3
2019,Douglas Luiz,3
2019,Dominic Solanke,3
2019,Tomas Soucek,3
2019,Junior Stanislas,3
2019,Youri Tielemans,3
2019,Patrick van Aanholt,3
2019,Adam Webster,3
2019,Nathan Aké,2
2019,Toby Alderweireld,2
2019,Joelinton,2
2019,César Azpilicueta,2
2019,George Baldock,2
2019,Christian Benteke,2
2019,Jonny,2
2019,Ciaran Clark,2
2019,Patrick Cutrone,2
2019,Rúben Neves,2
2019,Craig Dawson,2
2019,Moussa Djenepo,2
2019,John Egan,2
2019,Christian Eriksen,2
2019,Federico Fernández,2
2019,Pablo Fornals,2
2019,Andre Gray,2
2019,Demarai Gray,2
2019,Pascal Groß,2
2019,Ilkay Gündogan,2
2019,Jeff Hendrick,2
2019,Alireza Jahanbakhsh,2
2019,Moise Kean,2
2019,Michael Keane,2
2019,Naby Keita,2
2019,Erik Lamela,2
2019,Florian Lejeune,2
2019,Shane Long,2
2019,Matthew Longstaff,2
2019,David Luiz,2
2019,David McGoldrick,2
2019,Dwight McNeil,2
2019,James Milner,2
2019,Yerry Mina,2
2019,Tyrone Mings,2
2019,Aaron Mooy,2
2019,Wilfred Ndidi,2
2019,Tanguy Ndombele,2
2019,Eddie Nketiah,2
2019,Angelo Ogbonna,2
2019,Nicolás Otamendi,2
2019,Sokratis,2
2019,Matt Ritchie,2
2019,Andrew Robertson,2
2019,Antonio Rüdiger,2
2019,Romain Saïss,2
2019,Fabian Schär,2
2019,Gylfi Sigurdsson,2
2019,Moussa Sissoko,2
2019,Enda Stevens,2
2019,James Tarkowski,2
2019,Fabinho,2
2019,Cenk Tosun,2
2019,Matej Vydra,2
2019,Theo Walcott,2
2019,Danny Welbeck,2
2019,Ashley Westwood,2
2019,Jetro Willems,2
2019,Cédric Soares,1
2019,Florin Andone,1
2019,Serge Aurier,1
2019,Fabián Balbuena,1
2019,Ross Barkley,1
2019,Michy Batshuayi,1
2019,Jan Bednarek,1
2019,Héctor Bellerín,1
2019,Sander Berge,1
2019,Ryan Bertrand,1
2019,Philip Billing,1
2019,Yves Bissouma,1
2019,Jarrod Bowen,1
2019,Robbie Brady,1
2019,David Brooks,1
2019,Emiliano Buendía,1
2019,Daniel Podence,1
2019,Calum Chambers,1
2019,Hamza Choudhury,1
2019,Tom Cleverley,1
2019,Steve Cook,1
2019,Tom Davies,1
2019,Josip Drmic,1
2019,Shane Duffy,1
2019,Ahmed El Mohamady,1
2019,Björn Engels,1
2019,Jonny Evans,1
2019,Ryan Fraser,1
2019,Jóhann Gudmundsson,1
2019,Kortney Hause,1
2019,Isaac Hayden,1
2019,Onel Hernández,1
2019,Chicharito,1
2019,Andreas Pereira,1
2019,Callum Hudson-Odoi,1
2019,Will Hughes,1
2019,Alex Iwobi,1
2019,Curtis Jones,1
2019,Ezri Konsa Ngoyo,1
2019,Cheikhou Kouyaté,1
2019,Mateo Kovacic,1
2019,Adam Lallana,1
2019,Aymeric Laporte,1
2019,Jamaal Lascelles,1
2019,Valentino Lazaro,1
2019,Jefferson Lerma,1
2019,Jamal Lewis,1
2019,Victor Lindelöf,1
2019,Jesse Lingard,1
2019,Sean Longstaff,1
2019,Harry Maguire,1
2019,Adam Masina,1
2019,Joel Matip,1
2019,Kenny McLean,1
2019,Ben Mee,1
2019,Chris Mepham,1
2019,Glenn Murray,1
2019,Reiss Nelson,1
2019,Oliver Norwood,1
2019,Mesut Özil,1
2019,Felipe Anderson,1
2019,Paul Pogba,1
2019,Dennis Praet,1
2019,Davy Pröpper,1
2019,Declan Rice,1
2019,Callum Robinson,1
2019,Pedro,1
2019,Bukayo Saka,1
2019,Mbwana Samatta,1
2019,João Moutinho,1
2019,Xherdan Shaqiri,1
2019,Çaglar Söyüncü,1
2019,Dennis Srbeny,1
2019,Jack Stephens,1
2019,Matt Targett,1
2019,Alexander Tettey,1
2019,Kieran Tierney,1
2019,James Tomkins,1
2019,Fikayo Tomori,1
2019,Lucas Torreira,1
2019,Andros Townsend,1
2019,Jan Vertonghen,1
2019,Jannik Vestergaard,1
2019,Mario Vrancic,1
2019,Kyle Walker,1
2019,Connor Wickham,1
2019,Brandon Williams,1
2019,Joseph Willock,1
2019,Granit Xhaka,1
2019,DeAndre Yedlin,1
2019,Willy Boly,0
2019,Dan Burn,0
2019,Séamus Coleman,0
2019,Giovani Lo Celso,0
2019,Max Meyer,0
2019,Jack O'Connell,0
2019,Mamadou Sakho,0
2019,Davinson Sánchez,0
2019,Sam Surridge,0
2019,Joel Ward,0
2019,Kurt Zouma,0
2018,Pierre-Emerick Aubameyang,22
2018,Sadio Mané,22
2018,Mohamed Salah,22
2018,Sergio Agüero,21
2018,Jamie Vardy,18
2018,Harry Kane,17
2018,Raheem Sterling,17
2018,Eden Hazard,16
2018,Callum Wilson,14
2018,Richarlison,13
2018,Raúl Jiménez,13
2018,Alexandre Lacazette,13
2018,Glenn Murray,13
2018,Paul Pogba,13
2018,Gylfi Sigurdsson,13
2018,Roberto Firmino,12
2018,Ashley Barnes,12
2018,Joshua King,12
2018,Romelu Lukaku,12
2018,Luka Milivojevic,12
2018,Ayoze Pérez,12
2018,Son Heung-Min,12
2018,Aleksandar Mitrovic,11
2018,Salomón Rondón,11
2018,Marko Arnautovic,10
2018,Gerard Deulofeu,10
2018,Anthony Martial,10
2018,Marcus Rashford,10
2018,Lucas Moura,10
2018,Leroy Sané,10
2018,Chris Wood,10
2018,Wilfried Zaha,10
2018,Troy Deeney,9
2018,Felipe Anderson,9
2018,Diogo Jota,9
2018,Christian Eriksen,8
2018,Pedro,8
2018,David Brooks,7
2018,Gabriel Jesus,7
2018,Ryan Fraser,7
2018,Andre Gray,7
2018,Chicharito,7
2018,Danny Ings,7
2018,James Maddison,7
2018,Riyad Mahrez,7
2018,Bernardo Silva,7
2018,James Ward-Prowse,7
2018,Michail Antonio,6
2018,Dominic Calvert-Lewin,6
2018,Ilkay Gündogan,6
2018,Ruben Loftus-Cheek,6
2018,Henrikh Mkhitaryan,6
2018,Roberto Pereyra,6
2018,Nathan Redmond,6
2018,André Schürrle,6
2018,Xherdan Shaqiri,6
2018,David Silva,6
2018,Andros Townsend,6
2018,Dele Alli,5
2018,Ryan Babel,5
2018,Michy Batshuayi,5
2018,Víctor Camarasa,5
2018,Bobby De Cordova-Reid,5
2018,Abdoulaye Doucouré,5
2018,Shane Duffy,5
2018,Gonzalo Higuaín,5
2018,Shane Long,5
2018,James Milner,5
2018,Álvaro Morata,5
2018,Mark Noble,5
2018,Mesut Özil,5
2018,Theo Walcott,5
2018,Nathan Aké,4
2018,Sol Bamba,4
2018,Willy Boly,4
2018,Rúben Neves,4
2018,Lucas Digne,4
2018,Matt Doherty,4
2018,Karlan Grant,4
2018,Demarai Gray,4
2018,Pierre-Emile Højbjerg,4
2018,N'Golo Kanté,4
2018,Erik Lamela,4
2018,Jesse Lingard,4
2018,Nathaniel Mendez-Laing,4
2018,Callum Paterson,4
2018,Aaron Ramsey,4
2018,Fabian Schär,4
2018,Jeffrey Schlupp,4
2018,Virgil van Dijk,4
2018,Granit Xhaka,4
2018,Florin Andone,3
2018,Stuart Armstrong,3
2018,Ross Barkley,3
2018,Willian,3
2018,Craig Cathcart,3
2018,Ivan Cavaleiro,3
2018,Ciaran Clark,3
2018,Eric Dier,3
2018,Pascal Groß,3
2018,Jóhann Gudmundsson,3
2018,Jeff Hendrick,3
2018,David Junior Hoilett,3
2018,José Holebas,3
2018,Alex Iwobi,3
2018,Zanka,3
2018,Aboubakar Kamara,3
2018,Laurent Koscielny,3
2018,Aymeric Laporte,3
2018,David Luiz,3
2018,Harry Maguire,3
2018,Juan Mata,3
2018,James McArthur,3
2018,Dwight McNeil,3
2018,Aaron Mooy,3
2018,Wes Morgan,3
2018,Josh Murphy,3
2018,Divock Origi,3
2018,Lucas Pérez,3
2018,James Tarkowski,3
2018,Youri Tielemans,3
2018,Cenk Tosun,3
2018,Patrick van Aanholt,3
2018,Sam Vokes,3
2018,Georginio Wijnaldum,3
2018,Marc Albrighton,2
2018,Marcos Alonso,2
2018,Charlie Austin,2
2018,Ricardo Pereira,2
2018,Philip Billing,2
2018,Calum Chambers,2
2018,Séamus Coleman,2
2018,Kevin De Bruyne,2
2018,Leander Dendoncker,2
2018,Lewis Dunk,2
2018,Jorginho,2
2018,Olivier Giroud,2
2018,Dan Gosling,2
2018,Ander Herrera,2
2018,Will Hughes,2
2018,Naby Keita,2
2018,Anthony Knockaert,2
2018,Jefferson Lerma,2
2018,Jürgen Locadia,2
2018,Joselu,2
2018,Scott McTominay,2
2018,Steve Mounie,2
2018,Shkodran Mustafi,2
2018,Wilfred Ndidi,2
2018,Alex Pritchard,2
2018,Declan Rice,2
2018,Matt Ritchie,2
2018,Romain Saïss,2
2018,Ryan Sessegnon,2
2018,Robert Snodgrass,2
2018,Junior Stanislas,2
2018,Daniel Sturridge,2
2018,Lucas Torreira,2
2018,Yan Valery,2
2018,Ashley Westwood,2
2018,Andriy Yarmolenko,2
2018,Ashley Young,2
2018,Kurt Zouma,2
2018,Trent Alexander-Arnold,1
2018,Cédric Soares,1
2018,Bernard,1
2018,Christian Atsu,1
2018,Jordan Ayew,1
2018,Floyd Ayité,1
2018,César Azpilicueta,1
2018,Juninho Bacuna,1
2018,Fabián Balbuena,1
2018,Leon Balogun,1
2018,Harvey Barnes,1
2018,Ryan Bennett,1
2018,Christian Benteke,1
2018,Ryan Bertrand,1
2018,Tom Cairney,1
2018,Etienne Capoue,1
2018,Jonny,1
2018,Tom Cleverley,1
2018,Steve Cook,1
2018,Jack Cork,1
2018,Danilo,1
2018,Charlie Daniels,1
2018,Issa Diop,1
2018,Jonny Evans,1
2018,Kiko Femenía,1
2018,Phil Foden,1
2018,Juan Foyth,1
2018,Ryan Fredericks,1
2018,Manolo Gabbiadini,1
2018,Rachid Ghezzal,1
2018,Ben Gibson,1
2018,Aron Gunnarsson,1
2018,Kadeem Harris,1
2018,Isaac Hayden,1
2018,Jordan Henderson,1
2018,Andreas Pereira,1
2018,Jordon Ibe,1
2018,Kelechi Iheanacho,1
2018,Phil Jagielka,1
2018,Beram Kayal,1
2018,Michael Keane,1
2018,Vincent Kompany,1
2018,Terence Kongolo,1
2018,Manuel Lanzini,1
2018,Mario Lemina,1
2018,Aaron Lennon,1
2018,Victor Lindelöf,1
2018,Fernando Llorente,1
2018,Sean Longstaff,1
2018,Dejan Lovren,1
2018,Fernandinho,1
2018,Ainsley Maitland-Niles,1
2018,Solly March,1
2018,Nemanja Matic,1
2018,Joel Matip,1
2018,Isaac Mbenza,1
2018,Max Meyer,1
2018,Yerry Mina,1
2018,Nacho Monreal,1
2018,Sean Morrison,1
2018,Lys Mousset,1
2018,Yoshinori Muto,1
2018,Eddie Nketiah,1
2018,Kenedy,1
2018,Michael Obafemi,1
2018,Angelo Ogbonna,1
2018,Sokratis,1
2018,Davy Pröpper,1
2018,Domingos Quina,1
2018,Fred,1
2018,Oriol Romeu,1
2018,Antonio Rüdiger,1
2018,Davinson Sánchez,1
2018,Alexis Sánchez,1
2018,João Moutinho,1
2018,Christopher Schindler,1
2018,Ken Sema,1
2018,Jean Michael Seri,1
2018,Luke Shaw,1
2018,Jonjo Shelvey,1
2018,Chris Smalling,1
2018,Adam Smith,1
2018,Hélder Costa,1
2018,Jon Gorenc Stankovic,1
2018,Dale Stephens,1
2018,Jack Stephens,1
2018,Isaac Success,1
2018,Matt Targett,1
2018,Fabinho,1
2018,André Gomes,1
2018,James Tomkins,1
2018,Adama Traoré,1
2018,Kieran Trippier,1
2018,Jan Vertonghen,1
2018,Luciano Vietto,1
2018,Matej Vydra,1
2018,Kyle Walker,1
2018,Victor Wanyama,1
2018,Danny Ward,1
2018,Joel Ward,1
2018,Danny Welbeck,1
2018,Harry Winks,1
2018,DeAndre Yedlin,1
2018,Kenneth Zohore,1
2017,Mohamed Salah,32
2017,Harry Kane,30
2017,Sergio Agüero,21
2017,Jamie Vardy,20
2017,Raheem Sterling,18
2017,Romelu Lukaku,16
2017,Roberto Firmino,15
2017,Alexandre Lacazette,14
2017,Gabriel Jesus,13
2017,Eden Hazard,12
2017,Riyad Mahrez,12
2017,Glenn Murray,12
2017,Son Heung-Min,12
2017,Marko Arnautovic,11
2017,Álvaro Morata,11
2017,Pierre-Emerick Aubameyang,10
2017,Christian Eriksen,10
2017,Sadio Mané,10
2017,Luka Milivojevic,10
2017,Wayne Rooney,10
2017,Leroy Sané,10
2017,Chris Wood,10
2017,Dele Alli,9
2017,Ashley Barnes,9
2017,Anthony Martial,9
2017,Alexis Sánchez,9
2017,David Silva,9
2017,Wilfried Zaha,9
2017,Kevin De Bruyne,8
2017,Chicharito,8
2017,Joshua King,8
2017,Jesse Lingard,8
2017,Oumar Niasse,8
2017,Ayoze Pérez,8
2017,Xherdan Shaqiri,8
2017,Callum Wilson,8
2017,Marcos Alonso,7
2017,Charlie Austin,7
2017,Jordan Ayew,7
2017,Philippe Coutinho,7
2017,Abdoulaye Doucouré,7
2017,Olivier Giroud,7
2017,Pascal Groß,7
2017,Steve Mounie,7
2017,Aaron Ramsey,7
2017,Marcus Rashford,7
2017,Jay Rodriguez,7
2017,Salomón Rondón,7
2017,Willian,6
2017,Laurent Depoitre,6
2017,Mame Biram Diouf,6
2017,Dwight Gayle,6
2017,Shinji Okazaki,6
2017,Paul Pogba,6
2017,Dusan Tadic,6
2017,Bernardo Silva,6
2017,Tammy Abraham,5
2017,Eric Maxim Choupo-Moting,5
2017,Peter Crouch,5
2017,Richarlison,5
2017,Troy Deeney,5
2017,Ryan Fraser,5
2017,Manolo Gabbiadini,5
2017,Andre Gray,5
2017,José Izquierdo,5
2017,Manuel Lanzini,5
2017,Fernandinho,5
2017,James McArthur,5
2017,Nacho Monreal,5
2017,Roberto Pereyra,5
2017,Junior Stanislas,5
2017,Cenk Tosun,5
2017,Patrick van Aanholt,5
2017,Danny Welbeck,5
2017,Dominic Calvert-Lewin,4
2017,Jermain Defoe,4
2017,Marouane Fellaini,4
2017,Ilkay Gündogan,4
2017,Joselu,4
2017,Aaron Mooy,4
2017,Mark Noble,4
2017,Nicolás Otamendi,4
2017,Mesut Özil,4
2017,Pedro,4
2017,Gylfi Sigurdsson,4
2017,Chris Smalling,4
2017,Sam Vokes,4
2017,Michail Antonio,3
2017,André Ayew,3
2017,Christian Benteke,3
2017,Emre Can,3
2017,Andy Carroll,3
2017,Sam Clucas,3
2017,Danilo,3
2017,Steven Davis,3
2017,Demarai Gray,3
2017,Vicente Iborra,3
2017,Kelechi Iheanacho,3
2017,Alex Iwobi,3
2017,Daryl Janmaat,3
2017,Andy King,3
2017,Anthony Knockaert,3
2017,Jamaal Lascelles,3
2017,Juan Mata,3
2017,Henrikh Mkhitaryan,3
2017,Victor Moses,3
2017,Shkodran Mustafi,3
2017,Alex Oxlade-Chamberlain,3
2017,Matt Ritchie,3
2017,Bakary Sako,3
2017,James Tomkins,3
2017,Luis Antonio Valencia,3
2017,Rajiv van La Parra,3
2017,Theo Walcott,3
2017,James Ward-Prowse,3
2017,Nathan Aké,2
2017,Marc Albrighton,2
2017,Joe Allen,2
2017,Scott Arfield,2
2017,Christian Atsu,2
2017,Serge Aurier,2
2017,César Azpilicueta,2
2017,Leighton Baines,2
2017,Tiemoué Bakayoko,2
2017,Michy Batshuayi,2
2017,Héctor Bellerín,2
2017,Wilfried Bony,2
2017,Sofiane Boufal,2
2017,Ciaran Clark,2
2017,Steve Cook,2
2017,Jack Cork,2
2017,Tom Davies,2
2017,Ben Davies,2
2017,Craig Dawson,2
2017,Mohamed Diamé,2
2017,Jonny Evans,2
2017,Cesc Fàbregas,2
2017,Dan Gosling,2
2017,Jóhann Gudmundsson,2
2017,Idrissa Gueye,2
2017,Ahmed Hegazi,2
2017,Tomer Hemed,2
2017,Jeff Hendrick,2
2017,Will Hughes,2
2017,Jordon Ibe,2
2017,Tom Ince,2
2017,Christian Kabasele,2
2017,Ki Sung-Yueng,2
2017,Sead Kolasinac,2
2017,Laurent Koscielny,2
2017,Cheikhou Kouyaté,2
2017,Erik Lamela,2
2017,Jake Livermore,2
2017,Ruben Loftus-Cheek,2
2017,Shane Long,2
2017,Dejan Lovren,2
2017,Harry Maguire,2
2017,Alfie Mawson,2
2017,Lys Mousset,2
2017,João Mário,2
2017,Badou Ndiaye,2
2017,Kenedy,2
2017,Pedro Obiang,2
2017,Matt Phillips,2
2017,Hal Robson-Kanu,2
2017,Antonio Rüdiger,2
2017,Diafra Sakho,2
2017,Ramadan Sobhi,2
2017,Jack Stephens,2
2017,Daniel Sturridge,2
2017,Andrew Surman,2
2017,Andros Townsend,2
2017,Maya Yoshida,2
2017,Ashley Young,2
2017,Trent Alexander-Arnold,1
2017,Harry Arter,1
2017,Eric Bailly,1
2017,Gareth Barry,1
2017,Jan Bednarek,1
2017,Yannick Bolasie,1
2017,Robbie Brady,1
2017,Miguel Britos,1
2017,Etienne Capoue,1
2017,André Carrillo,1
2017,Nacer Chadli,1
2017,Tom Cleverley,1
2017,James Collins,1
2017,Aaron Cresswell,1
2017,Charlie Daniels,1
2017,Scott Dann,1
2017,Steven Defour,1
2017,Fabian Delph,1
2017,Gerard Deulofeu,1
2017,Daniel Drinkwater,1
2017,Lewis Dunk,1
2017,Kiko Femenía,1
2017,Leroy Fer,1
2017,Federico Fernández,1
2017,Sam Field,1
2017,Darren Fletcher,1
2017,Isaac Hayden,1
2017,Jordan Henderson,1
2017,Danny Ings,1
2017,Elias Kachunga,1
2017,N'Golo Kanté,1
2017,Ragnar Klavan,1
2017,Vincent Kompany,1
2017,Mario Lemina,1
2017,Fernando Llorente,1
2017,Jürgen Locadia,1
2017,Joe Lolley,1
2017,Kevin Long,1
2017,David Luiz,1
2017,Solly March,1
2017,Nemanja Matic,1
2017,Joel Matip,1
2017,James McClean,1
2017,Mikel Merino,1
2017,Per Mertesacker,1
2017,Aleksandar Mitrovic,1
2017,James Morrison,1
2017,Jacob Murphy,1
2017,Luciano Narsingh,1
2017,Angelo Ogbonna,1
2017,Stefano Okaka,1
2017,Alex Pritchard,1
2017,Nathan Redmond,1
2017,Andrew Robertson,1
2017,Jesé,1
2017,Oriol Romeu,1
2017,Henri Saivet,1
2017,Mamadou Sakho,1
2017,Ryan Shawcross,1
2017,Jonjo Shelvey,1
2017,Moussa Sissoko,1
2017,Islam Slimani,1
2017,Adam Smith,1
2017,Dominic Solanke,1
2017,Leonardo Ulloa,1
2017,Mike van der Hoorn,1
2017,Molla Wagué,1
2017,Victor Wanyama,1
2017,Stephen Ward,1
2017,Georginio Wijnaldum,1
2017,Ashley Williams,1
2017,Jack Wilshere,1
2017,Granit Xhaka,1
2017,Davide Zappacosta,1
2017,Kurt Zouma,1
2017,Yohan Cabaye,0
2016,Harry Kane,29
2016,Romelu Lukaku,25
2016,Alexis Sánchez,24
2016,Sergio Agüero,20
2016,Diego Costa,20
2016,Dele Alli,18
2016,Zlatan Ibrahimovic,17
2016,Eden Hazard,16
2016,Joshua King,16
2016,Christian Benteke,15
2016,Jermain Defoe,15
2016,Fernando Llorente,15
2016,Son Heung-Min,14
2016,Philippe Coutinho,13
2016,Sadio Mané,13
2016,Jamie Vardy,13
2016,Olivier Giroud,12
2016,Roberto Firmino,11
2016,Troy Deeney,10
2016,Sam Vokes,10
2016,Theo Walcott,10
2016,Michail Antonio,9
2016,Andre Gray,9
2016,Álvaro Negredo,9
2016,Pedro,9
2016,Gylfi Sigurdsson,9
2016,Willian,8
2016,Christian Eriksen,8
2016,Adam Lallana,8
2016,Manuel Lanzini,8
2016,Mesut Özil,8
2016,Salomón Rondón,8
2016,Etienne Capoue,7
2016,Andy Carroll,7
2016,Peter Crouch,7
2016,Gabriel Jesus,7
2016,James Milner,7
2016,Divock Origi,7
2016,Nathan Redmond,7
2016,Islam Slimani,7
2016,Robert Snodgrass,7
2016,Junior Stanislas,7
2016,Raheem Sterling,7
2016,Wilfried Zaha,7
2016,Benik Afobe,6
2016,Joe Allen,6
2016,Marcos Alonso,6
2016,Marko Arnautovic,6
2016,Charlie Austin,6
2016,André Ayew,6
2016,Ashley Barnes,6
2016,Gary Cahill,6
2016,Kevin De Bruyne,6
2016,Leroy Fer,6
2016,Riyad Mahrez,6
2016,Juan Mata,6
2016,Gareth McAuley,6
2016,Georginio Wijnaldum,6
2016,Callum Wilson,6
2016,Ross Barkley,5
2016,Michy Batshuayi,5
2016,Emre Can,5
2016,Nacer Chadli,5
2016,Cesc Fàbregas,5
2016,James McArthur,5
2016,James Morrison,5
2016,Paul Pogba,5
2016,Marcus Rashford,5
2016,Jay Rodriguez,5
2016,Wayne Rooney,5
2016,Leroy Sané,5
2016,Yaya Touré,5
2016,Patrick van Aanholt,5
2016,Nolito,4
2016,Yohan Cabaye,4
2016,Séamus Coleman,4
2016,Charlie Daniels,4
2016,Craig Dawson,4
2016,Marten de Roon,4
2016,Manolo Gabbiadini,4
2016,Abel Hernández,4
2016,Kelechi Iheanacho,4
2016,Anthony Martial,4
2016,Alfie Mawson,4
2016,Kevin Mirallas,4
2016,Henrikh Mkhitaryan,4
2016,Oumar Niasse,4
2016,Stefano Okaka,4
2016,Matt Phillips,4
2016,Xherdan Shaqiri,4
2016,David Silva,4
2016,Cristhian Stuani,4
2016,Jonathan Walters,4
2016,Victor Wanyama,4
2016,James Ward-Prowse,4
2016,Nathan Aké,3
2016,Victor Anichebe,3
2016,Chris Brunt,3
2016,Sam Clucas,3
2016,Scott Dann,3
2016,Michael Dawson,3
2016,Sofiane Feghouli,3
2016,Ryan Fraser,3
2016,Ilkay Gündogan,3
2016,Alex Iwobi,3
2016,Phil Jagielka,3
2016,Vincent Kompany,3
2016,Bojan,3
2016,Shane Long,3
2016,Victor Moses,3
2016,Mark Noble,3
2016,Shinji Okazaki,3
2016,Hal Robson-Kanu,3
2016,Wayne Routledge,3
2016,Daniel Sturridge,3
2016,Dusan Tadic,3
2016,James Tomkins,3
2016,Andros Townsend,3
2016,Enner Valencia,3
2016,Marc Albrighton,2
2016,Leighton Baines,2
2016,Gareth Barry,2
2016,Ryan Bertrand,2
2016,Wilfried Bony,2
2016,Fabio Borini,2
2016,George Boyd,2
2016,Santi Cazorla,2
2016,Calum Chambers,2
2016,James Collins,2
2016,Steve Cook,2
2016,Tom Davies,2
2016,Eric Dier,2
2016,Adama Diomande,2
2016,Jonny Evans,2
2016,Darren Fletcher,2
2016,Christian Fuchs,2
2016,Dan Gosling,2
2016,Jeff Hendrick,2
2016,José Holebas,2
2016,Robert Huth,2
2016,Daryl Janmaat,2
2016,Vincent Janssen,2
2016,Christian Kabasele,2
2016,Younes Kaboul,2
2016,Michael Keane,2
2016,Laurent Koscielny,2
2016,Dejan Lovren,2
2016,Fernandinho,2
2016,Harry Maguire,2
2016,Lazar Markovic,2
2016,Luka Milivojevic,2
2016,Ahmed Musa,2
2016,Shkodran Mustafi,2
2016,Wilfred Ndidi,2
2016,M'Baye Niang,2
2016,Martin Olsson,2
2016,Alex Oxlade-Chamberlain,2
2016,Dimitri Payet,2
2016,Roberto Pereyra,2
2016,Marc Pugh,2
2016,Gastón Ramírez,2
2016,Andrea Ranocchia,2
2016,Winston Reid,2
2016,Danny Rose,2
2016,Danny Welbeck,2
2016,Connor Wickham,2
2016,Granit Xhaka,2
2016,Charlie Adam,1
2016,Toby Alderweireld,1
2016,Daniel Amartey,1
2016,Scott Arfield,1
2016,Harry Arter,1
2016,Daniel Ayala,1
2016,Jordan Ayew,1
2016,César Azpilicueta,1
2016,Patrick Bamford,1
2016,Joey Barton,1
2016,Héctor Bellerín,1
2016,Daley Blind,1
2016,Yannick Bolasie,1
2016,Sofiane Boufal,1
2016,Robbie Brady,1
2016,Miguel Britos,1
2016,Jonathan Calleri,1
2016,Dominic Calvert-Lewin,1
2016,Fraizer Campbell,1
2016,Tom Carroll,1
2016,Ben Chilwell,1
2016,Jordy Clasie,1
2016,Gaël Clichy,1
2016,Ben Davies,1
2016,Steven Defour,1
2016,Fabian Delph,1
2016,Mousa Dembélé,1
2016,Mame Biram Diouf,1
2016,Abdoulaye Doucouré,1
2016,Stewart Downing,1
2016,Daniel Drinkwater,1
2016,Marouane Fellaini,1
2016,Rudy Gestede,1
2016,Ben Gibson,1
2016,Borja Bastón,1
2016,Demarai Gray,1
2016,Jóhann Gudmundsson,1
2016,Idrissa Gueye,1
2016,Josh Harrop,1
2016,Jordan Henderson,1
2016,Ander Herrera,1
2016,Tom Huddlestone,1
2016,Odion Ighalo,1
2016,Billy Jones,1
2016,N'Golo Kanté,1
2016,Wahbi Khazri,1
2016,Andy King,1
2016,Aleksandar Kolarov,1
2016,Lamine Koné,1
2016,Cheikhou Kouyaté,1
2016,Erik Lamela,1
2016,Grant Leadbitter,1
2016,Joe Ledley,1
2016,Jesse Lingard,1
2016,Jake Livermore,1
2016,Ademola Lookman,1
2016,David Luiz,1
2016,Shaun Maloney,1
2016,Javier Manquillo,1
2016,Dean Marney,1
2016,Bruno Martins Indi,1
2016,Ryan Mason,1
2016,Nemanja Matic,1
2016,Joel Matip,1
2016,James McCarthy,1
2016,James McClean,1
2016,Ben Mee,1
2016,David Meyler,1
2016,Wes Morgan,1
2016,Marc Muniesa,1
2016,Alfred N'Diaye,1
2016,Kyle Naughton,1
2016,Didier Ndong,1
2016,Pedro Obiang,1
2016,Nicolás Otamendi,1
2016,Matthew Pennington,1
2016,Lucas Pérez,1
2016,Sebastian Prödl,1
2016,Aaron Ramsey,1
2016,Angel Rangel,1
2016,Andrew Robertson,1
2016,Marcos Rojo,1
2016,Oriol Romeu,1
2016,Diafra Sakho,1
2016,Morgan Schneiderlin,1
2016,Ryan Shawcross,1
2016,Chris Smalling,1
2016,Adam Smith,1
2016,Isaac Success,1
2016,John Terry,1
2016,Leonardo Ulloa,1
2016,Luis Antonio Valencia,1
2016,Mike van der Hoorn,1
2016,Virgil van Dijk,1
2016,Stephen Ward,1
2016,Ashley Williams,1
2016,Harry Winks,1
2016,Maya Yoshida,1
2016,Pablo Zabaleta,1
2016,Juan Camilo Zuñiga,1
2016,Tom Cleverley,0
2016,Ramadan Sobhi,0
2015,Harry Kane,25
2015,Sergio Agüero,24
2015,Jamie Vardy,24
2015,Romelu Lukaku,18
2015,Riyad Mahrez,17
2015,Olivier Giroud,16
2015,Jermain Defoe,15
2015,Odion Ighalo,15
2015,Troy Deeney,13
2015,Alexis Sánchez,13
2015,André Ayew,12
2015,Diego Costa,12
2015,Marko Arnautovic,11
2015,Sadio Mané,11
2015,Anthony Martial,11
2015,Graziano Pellè,11
2015,Gylfi Sigurdsson,11
2015,Georginio Wijnaldum,11
2015,Dele Alli,10
2015,Roberto Firmino,10
2015,Shane Long,10
2015,Christian Benteke,9
2015,Andy Carroll,9
2015,Aleksandar Mitrovic,9
2015,Dimitri Payet,9
2015,Salomón Rondón,9
2015,Michail Antonio,8
2015,Ross Barkley,8
2015,Philippe Coutinho,8
2015,Kelechi Iheanacho,8
2015,Wayne Rooney,8
2015,Daniel Sturridge,8
2015,Jordan Ayew,7
2015,Kevin De Bruyne,7
2015,Bojan,7
2015,Dieudonne Mbokani Bezua,7
2015,Mark Noble,7
2015,Pedro,7
2015,Dusan Tadic,7
2015,Christian Eriksen,6
2015,Bafétimbi Gomis,6
2015,Joshua King,6
2015,Manuel Lanzini,6
2015,Juan Mata,6
2015,Mesut Özil,6
2015,Ayoze Pérez,6
2015,Nathan Redmond,6
2015,Raheem Sterling,6
2015,Yaya Touré,6
2015,Leonardo Ulloa,6
2015,Yannick Bolasie,5
2015,Willian,5
2015,Fabio Borini,5
2015,Yohan Cabaye,5
2015,Scott Dann,5
2015,Steven Davis,5
2015,Mame Biram Diouf,5
2015,Cesc Fàbregas,5
2015,Rudy Gestede,5
2015,Arouna Koné,5
2015,Cheikhou Kouyaté,5
2015,Erik Lamela,5
2015,Aaron Lennon,5
2015,James Milner,5
2015,Shinji Okazaki,5
2015,Divock Origi,5
2015,Aaron Ramsey,5
2015,Marcus Rashford,5
2015,Diafra Sakho,5
2015,Theo Walcott,5
2015,Jonathan Walters,5
2015,Connor Wickham,5
2015,Callum Wilson,5
2015,Benik Afobe,4
2015,Toby Alderweireld,4
2015,Saido Berahino,4
2015,Wilfried Bony,4
2015,Steve Cook,4
2015,Craig Dawson,4
2015,Steven Fletcher,4
2015,Ramiro Funes Mori,4
2015,Eden Hazard,4
2015,Wes Hoolahan,4
2015,Laurent Koscielny,4
2015,Adam Lallana,4
2015,Jesse Lingard,4
2015,Joselu,4
2015,Kevin Mirallas,4
2015,Steven Naismith,4
2015,Matt Ritchie,4
2015,Son Heung-Min,4
2015,Andros Townsend,4
2015,Enner Valencia,4
2015,Patrick van Aanholt,4
2015,Danny Welbeck,4
2015,Robbie Brady,3
2015,Joel Campbell,3
2015,Nacer Chadli,3
2015,Papiss Demba Cissé,3
2015,Charlie Daniels,3
2015,Mousa Dembélé,3
2015,Eric Dier,3
2015,Oscar,3
2015,Craig Gardner,3
2015,Dwight Gayle,3
2015,Dan Gosling,3
2015,Ander Herrera,3
2015,Jonny Howson,3
2015,Robert Huth,3
2015,Cameron Jerome,3
2015,Aleksandar Kolarov,3
2015,Jeremain Lens,3
2015,Russell Martin,3
2015,James Morrison,3
2015,Glenn Murray,3
2015,Marc Pugh,3
2015,Xherdan Shaqiri,3
2015,Junior Stanislas,3
2015,Virgil van Dijk,3
2015,Duncan Watmore,3
2015,Mauro Zárate,3
2015,Almen Abdi,2
2015,Ibrahim Afellay,2
2015,Marc Albrighton,2
2015,Joe Allen,2
2015,César Azpilicueta,2
2015,Leighton Baines,2
2015,Gary Cahill,2
2015,Tom Cleverley,2
2015,Aaron Cresswell,2
2015,José Fonte,2
2015,Damien Delaney,2
2015,Fabian Delph,2
2015,Memphis Depay,2
2015,Gerard Deulofeu,2
2015,Daniel Drinkwater,2
2015,Carles Gil,2
2015,Jordan Henderson,2
2015,Giannelli Imbula,2
2015,Danny Ings,2
2015,Branislav Ivanovic,2
2015,Alex Iwobi,2
2015,Daryl Janmaat,2
2015,Carl Jenkinson,2
2015,Adam Johnson,2
2015,Wahbi Khazri,2
2015,Ki Sung-Yueng,2
2015,Andy King,2
2015,Vincent Kompany,2
2015,Lamine Koné,2
2015,Jamaal Lascelles,2
2015,Fernandinho,2
2015,Nemanja Matic,2
2015,James McArthur,2
2015,James McCarthy,2
2015,James McClean,2
2015,Wes Morgan,2
2015,Samir Nasri,2
2015,Alberto Paloschi,2
2015,Sebastian Prödl,2
2015,Jason Puncheon,2
2015,Fernando,2
2015,Wayne Routledge,2
2015,Bakary Sako,2
2015,Ramires,2
2015,Stéphane Sessegnon,2
2015,David Silva,2
2015,Scott Sinclair,2
2015,Adam Smith,2
2015,Alexander Tettey,2
2015,Bertrand Traoré,2
2015,Joel Ward,2
2015,James Ward-Prowse,2
2015,Ben Watson,2
2015,Ashley Westwood,2
2015,Ashley Williams,2
2015,Wilfried Zaha,2
2015,Rolando Aarons,1
2015,Charlie Adam,1
2015,Emmanuel Adebayor,1
2015,Gabriel Agbonlahor,1
2015,Nathan Aké,1
2015,Vurnon Anita,1
2015,Harry Arter,1
2015,Charlie Austin,1
2015,Leandro Bacuna,1
2015,Modou Barrow,1
2015,Sebastien Bassong,1
2015,Héctor Bellerín,1
2015,Ryan Bertrand,1
2015,Daley Blind,1
2015,Emre Can,1
2015,Tom Carroll,1
2015,Craig Cathcart,1
2015,Ciaran Clark,1
2015,Nathaniel Clyne,1
2015,Jack Colback,1
2015,Séamus Coleman,1
2015,Fabricio Coloccini,1
2015,Jack Cork,1
2015,Alexandre Pato,1
2015,Matteo Darmian,1
2015,Gabriel Paulista,1
2015,Ritchie de Laet,1
2015,Paul Dummett,1
2015,Nathan Dyer,1
2015,Tommy Elphick,1
2015,Jonny Evans,1
2015,Radamel Falcao,1
2015,Marouane Fellaini,1
2015,Federico Fernández,1
2015,Darren Fletcher,1
2015,Kieran Gibbs,1
2015,Lewis Grabban,1
2015,Max-Alain Gradel,1
2015,Jack Grealish,1
2015,Jordon Ibe,1
2015,Adnan Januzaj,1
2015,Matthew Jarvis,1
2015,Nikica Jelavic,1
2015,Billy Jones,1
2015,N'Golo Kanté,1
2015,Timm Klose,1
2015,Rickie Lambert,1
2015,Miguel Layún,1
2015,Joe Ledley,1
2015,Lee Chung-Yong,1
2015,Joleon Lescott,1
2015,Ruben Loftus-Cheek,1
2015,Yann M'Vila,1
2015,Modibo Maiga,1
2015,Cuco Martina,1
2015,Ryan Mason,1
2015,Gareth McAuley,1
2015,Alberto Moreno,1
2015,Victor Moses,1
2015,Dame N'Doye,1
2015,Kenedy,1
2015,Jonas Olsson,1
2015,Martin Olsson,1
2015,Nicolás Otamendi,1
2015,Alex Oxlade-Chamberlain,1
2015,Winston Reid,1
2015,Loïc Rémy,1
2015,Micah Richards,1
2015,Jack Rodwell,1
2015,Oriol Romeu,1
2015,Danny Rose,1
2015,Mamadou Sakho,1
2015,Jeffrey Schlupp,1
2015,Morgan Schneiderlin,1
2015,Bastian Schweinsteiger,1
2015,Jonjo Shelvey,1
2015,Moussa Sissoko,1
2015,Martin Skrtel,1
2015,John Terry,1
2015,Kolo Touré,1
2015,Kieran Trippier,1
2015,Kyle Walker,1
2015,Victor Wanyama,1
2015,Steven Whittaker,1
2015,Maya Yoshida,1
2015,Ashley Young,1
2015,Kurt Zouma,1
2014,Sergio Agüero,26
2014,Harry Kane,21
2014,Diego Costa,20
2014,Charlie Austin,18
2014,Alexis Sánchez,16
2014,Saido Berahino,14
2014,Olivier Giroud,14
2014,Eden Hazard,14
2014,Christian Benteke,13
2014,Graziano Pellè,12
2014,Wayne Rooney,12
2014,David Silva,12
2014,Wilfried Bony,11
2014,Nacer Chadli,11
2014,Papiss Demba Cissé,11
2014,Mame Biram Diouf,11
2014,Danny Ings,11
2014,Leonardo Ulloa,11
2014,Christian Eriksen,10
2014,Romelu Lukaku,10
2014,Sadio Mané,10
2014,Diafra Sakho,10
2014,Yaya Touré,10
2014,Robin van Persie,10
2014,Steven Gerrard,9
2014,Juan Mata,9
2014,Peter Crouch,8
2014,Nikica Jelavic,8
2014,Ki Sung-Yueng,8
2014,Jonathan Walters,8
2014,Charlie Adam,7
2014,Santi Cazorla,7
2014,Bafétimbi Gomis,7
2014,Kevin Mirallas,7
2014,Glenn Murray,7
2014,Ayoze Pérez,7
2014,Loïc Rémy,7
2014,Gylfi Sigurdsson,7
2014,Raheem Sterling,7
2014,Gabriel Agbonlahor,6
2014,Oscar,6
2014,Stewart Downing,6
2014,Marouane Fellaini,6
2014,Leroy Fer,6
2014,Jordan Henderson,6
2014,Ander Herrera,6
2014,Frank Lampard,6
2014,Steven Naismith,6
2014,Jason Puncheon,6
2014,Aaron Ramsey,6
2014,Ashley Barnes,5
2014,George Boyd,5
2014,Esteban Cambiasso,5
2014,Andy Carroll,5
2014,Philippe Coutinho,5
2014,Steven Fletcher,5
2014,Dwight Gayle,5
2014,Mile Jedinak,5
2014,Stevan Jovetic,5
2014,Adam Lallana,5
2014,Shane Long,5
2014,James Milner,5
2014,Dame N'Doye,5
2014,David Nugent,5
2014,John Terry,5
2014,Jamie Vardy,5
2014,Theo Walcott,5
2014,Connor Wickham,5
2014,Yannick Bolasie,4
2014,Fraizer Campbell,4
2014,Jack Colback,4
2014,Jermain Defoe,4
2014,Mohamed Diamé,4
2014,Didier Drogba,4
2014,Edin Dzeko,4
2014,Radamel Falcao,4
2014,Jordi Gómez,4
2014,Abel Hernández,4
2014,Brown Ideye,4
2014,Branislav Ivanovic,4
2014,Phil Jagielka,4
2014,Adam Johnson,4
2014,Cheikhou Kouyaté,4
2014,Bojan,4
2014,Riyad Mahrez,4
2014,Mesut Özil,4
2014,Morgan Schneiderlin,4
2014,Moussa Sissoko,4
2014,Chris Smalling,4
2014,Daniel Sturridge,4
2014,Dusan Tadic,4
2014,Enner Valencia,4
2014,Danny Welbeck,4
2014,Wilfried Zaha,4
2014,Morgan Amalfitano,3
2014,Victor Anichebe,3
2014,Tom Cleverley,3
2014,Séamus Coleman,3
2014,Jack Cork,3
2014,Ángel Di María,3
2014,Nathan Dyer,3
2014,Samuel Eto'o,3
2014,Cesc Fàbregas,3
2014,Craig Gardner,3
2014,Laurent Koscielny,3
2014,Sebastian Larsson,3
2014,Fernandinho,3
2014,Victor Moses,3
2014,Steven Nzonzi,3
2014,Matt Phillips,3
2014,Jack Rodwell,3
2014,Danny Rose,3
2014,Wayne Routledge,3
2014,Jeffrey Schlupp,3
2014,André Schürrle,3
2014,Jonjo Shelvey,3
2014,Eduardo Vargas,3
2014,Victor Wanyama,3
2014,Andreas Weimann,3
2014,Bobby Zamora,3
2014,Emmanuel Adebayor,2
2014,Marc Albrighton,2
2014,Sammy Ameobi,2
2014,Scott Arfield,2
2014,Leighton Baines,2
2014,Ross Barkley,2
2014,Héctor Bellerín,2
2014,Ryan Bertrand,2
2014,Daley Blind,2
2014,Willian,2
2014,Chris Brunt,2
2014,Marouane Chamakh,2
2014,James Chester,2
2014,Nathaniel Clyne,2
2014,Carlton Cole,2
2014,Aaron Cresswell,2
2014,Scott Dann,2
2014,Craig Dawson,2
2014,Eric Dier,2
2014,Ahmed El Mohamady,2
2014,Eljero Elia,2
2014,Yoan Gouffran,2
2014,Brede Hangeland,2
2014,Andy King,2
2014,Aleksandar Kolarov,2
2014,Andrej Kramaric,2
2014,Niko Kranjcar,2
2014,Rickie Lambert,2
2014,Erik Lamela,2
2014,Joe Ledley,2
2014,Aaron Lennon,2
2014,Lazar Markovic,2
2014,James McArthur,2
2014,James McCarthy,2
2014,Ben Mee,2
2014,Alberto Moreno,2
2014,Wes Morgan,2
2014,James Morrison,2
2014,Samir Nasri,2
2014,Mark Noble,2
2014,Leon Osman,2
2014,Fernando,2
2014,Tomas Rosicky,2
2014,Ramires,2
2014,Ryan Shawcross,2
2014,Andros Townsend,2
2014,Jack Wilshere,2
2014,Ashley Young,2
2014,Mauro Zárate,2
2014,Rolando Aarons,1
2014,Toby Alderweireld,1
2014,Joe Allen,1
2014,Sone Aluko,1
2014,Marko Arnautovic,1
2014,Mario Balotelli,1
2014,Joey Barton,1
2014,Fabio Borini,1
2014,Rémy Cabella,1
2014,Gary Cahill,1
2014,Emre Can,1
2014,Michael Carrick,1
2014,Nélson Oliveira,1
2014,Lee Cattermole,1
2014,Steven Caulker,1
2014,Calum Chambers,1
2014,Ciaran Clark,1
2014,Gaël Clichy,1
2014,Joe Cole,1
2014,Fabricio Coloccini,1
2014,Michael Dawson,1
2014,Siem de Jong,1
2014,Mathieu Debuchy,1
2014,Mousa Dembélé,1
2014,Martín Demichelis,1
2014,Graham Dorrans,1
2014,Mathieu Flamini,1
2014,Darren Fletcher,1
2014,Silvestre Varela,1
2014,Danny Graham,1
2014,Sandro,1
2014,Jonás Gutiérrez,1
2014,Clint Hill,1
2014,Robert Huth,1
2014,Alan Hutton,1
2014,Daryl Janmaat,1
2014,Glen Johnson,1
2014,Michael Kightly,1
2014,Paul Konchesky,1
2014,Arouna Koné,1
2014,Joleon Lescott,1
2014,Jake Livermore,1
2014,Ryan Mason,1
2014,Nemanja Matic,1
2014,Gareth McAuley,1
2014,Aiden McGeady,1
2014,Paul McShane,1
2014,David Meyler,1
2014,Jefferson Montero,1
2014,Kevin Nolan,1
2014,Gabriel Obertan,1
2014,Jores Okore,1
2014,Jonas Olsson,1
2014,Alex Oxlade-Chamberlain,1
2014,Stephen Quinn,1
2014,Gastón Ramírez,1
2014,Winston Reid,1
2014,Emmanuel Rivière,1
2014,Carlos Sánchez,1
2014,Stéphane Sessegnon,1
2014,Scott Sinclair,1
2014,Martin Skrtel,1
2014,Roberto Soldado,1
2014,John Stones,1
2014,Steven Taylor,1
2014,James Tomkins,1
2014,Ross Wallace,1
2014,Joel Ward,1
2014,James Ward-Prowse,1
2014,Marcin Wasilewski,1
2014,Mike Williamson,1
2014,James Wilson,1
2014,Chris Wood,1
2014,Maya Yoshida,1
2014,Pablo Zabaleta,1
2013,Luis Suárez,31
2013,Daniel Sturridge,21
2013,Yaya Touré,20
2013,Sergio Agüero,17
2013,Wayne Rooney,17
2013,Wilfried Bony,16
2013,Edin Dzeko,16
2013,Olivier Giroud,16
2013,Romelu Lukaku,15
2013,Jay Rodriguez,15
2013,Eden Hazard,14
2013,Loïc Rémy,14
2013,Steven Gerrard,13
2013,Rickie Lambert,13
2013,Robin van Persie,12
2013,Emmanuel Adebayor,11
2013,Christian Benteke,10
2013,Aaron Ramsey,10
2013,Samuel Eto'o,9
2013,Adam Lallana,9
2013,Álvaro Negredo,9
2013,Raheem Sterling,9
2013,Danny Welbeck,9
2013,Peter Crouch,8
2013,Oscar,8
2013,Adam Johnson,8
2013,Kevin Mirallas,8
2013,Lukas Podolski,8
2013,André Schürrle,8
2013,Charlie Adam,7
2013,Fabio Borini,7
2013,Yohan Cabaye,7
2013,Christian Eriksen,7
2013,Dwight Gayle,7
2013,Shane Long,7
2013,Jordon Mutch,7
2013,Samir Nasri,7
2013,Kevin Nolan,7
2013,Jason Puncheon,7
2013,Steve Sidwell,7
2013,David Silva,7
2013,Martin Skrtel,7
2013,Ross Barkley,6
2013,Paulinho,6
2013,Fraizer Campbell,6
2013,Carlton Cole,6
2013,Séamus Coleman,6
2013,Nathan Dyer,6
2013,Yoan Gouffran,6
2013,Gary Hooper,6
2013,Frank Lampard,6
2013,Juan Mata,6
2013,Peter Odemwingie,6
2013,Jonjo Shelvey,6
2013,Robert Snodgrass,6
2013,Roberto Soldado,6
2013,Demba Ba,5
2013,Leandro Bacuna,5
2013,Leighton Baines,5
2013,Saido Berahino,5
2013,Steven Caulker,5
2013,Marouane Chamakh,5
2013,Philippe Coutinho,5
2013,Ashkan Dejagah,5
2013,Fernandinho,5
2013,Steven Naismith,5
2013,Mesut Özil,5
2013,Stéphane Sessegnon,5
2013,Gylfi Sigurdsson,5
2013,Fernando Torres,5
2013,Theo Walcott,5
2013,Jonathan Walters,5
2013,Andreas Weimann,5
2013,Connor Wickham,5
2013,Gabriel Agbonlahor,4
2013,Morgan Amalfitano,4
2013,Marko Arnautovic,4
2013,Oussama Assaidi,4
2013,Dimitar Berbatov,4
2013,Willian,4
2013,Santi Cazorla,4
2013,Jonathan de Guzmán,4
2013,Mohamed Diamé,4
2013,Emanuele Giaccherini,4
2013,Jordan Henderson,4
2013,Chicharito,4
2013,Adnan Januzaj,4
2013,Nikica Jelavic,4
2013,Vincent Kompany,4
2013,Libor Kozák,4
2013,Jesús Navas,4
2013,Kieran Richardson,4
2013,Victor Anichebe,3
2013,Gareth Barry,3
2013,Hatem Ben Arfa,3
2013,Darren Bent,3
2013,Robbie Brady,3
2013,Chris Brunt,3
2013,Jack Colback,3
2013,Joe Cole,3
2013,José Fonte,3
2013,Fabian Delph,3
2013,Gerard Deulofeu,3
2013,Leroy Fer,3
2013,Steven Fletcher,3
2013,Tom Huddlestone,3
2013,Branislav Ivanovic,3
2013,Bradley Johnson,3
2013,Stevan Jovetic,3
2013,Harry Kane,3
2013,Pajtim Kasami,3
2013,Ki Sung-Yueng,3
2013,Jake Livermore,3
2013,Ravel Morrison,3
2013,Mark Noble,3
2013,Leon Osman,3
2013,Daniel Osvaldo,3
2013,Moussa Sissoko,3
2013,Matej Vydra,3
2013,Ashley Westwood,3
2013,Peter Whittingham,3
2013,Jack Wilshere,3
2013,Daniel Agger,2
2013,Shola Ameobi,2
2013,Nicolas Anelka,2
2013,Mikel Arteta,2
2013,Phil Bardsley,2
2013,Nicklas Bendtner,2
2013,Thievy,2
2013,George Boyd,2
2013,Geoff Cameron,2
2013,Andy Carroll,2
2013,Papiss Demba Cissé,2
2013,Curtis Davies,2
2013,Ben Davies,2
2013,Steven Davis,2
2013,Martín Demichelis,2
2013,Graham Dorrans,2
2013,Karim El Ahmadi,2
2013,Ahmed El Mohamady,2
2013,Mathieu Flamini,2
2013,Chico Flores,2
2013,Matty Fryatt,2
2013,Craig Gardner,2
2013,Pablo Hernández,2
2013,Lewis Holtby,2
2013,Jonny Howson,2
2013,Stephen Ireland,2
2013,Matthew Jarvis,2
2013,Cameron Jerome,2
2013,Robert Koren,2
2013,Laurent Koscielny,2
2013,Roland Lamah,2
2013,Joe Ledley,2
2013,Dejan Lovren,2
2013,Gareth McAuley,2
2013,Per Mertesacker,2
2013,David Meyler,2
2013,Youssouf Mulumbu,2
2013,Steven Nzonzi,2
2013,Bryan Oviedo,2
2013,Alex Oxlade-Chamberlain,2
2013,Scott Parker,2
2013,Michu,2
2013,Hugo Rodallega,2
2013,Tomas Rosicky,2
2013,Wayne Routledge,2
2013,Yannick Sagbo,2
2013,Mohamed Salah,2
2013,Morgan Schneiderlin,2
2013,John Terry,2
2013,Juan Cala,2
2013,Luis Antonio Valencia,2
2013,Ricardo Vaz Tê,2
2013,James Wilson,2
2013,Ashley Young,2
2013,Joe Allen,1
2013,Jozy Altidore,1
2013,Sone Aluko,1
2013,Fernando Amorebieta,1
2013,Vurnon Anita,1
2013,Barry Bannan,1
2013,Asmir Begovic,1
2013,Craig Bellamy,1
2013,Ryan Bennett,1
2013,Gary Cahill,1
2013,Etienne Capoue,1
2013,Michael Carrick,1
2013,Lee Cattermole,1
2013,Nacer Chadli,1
2013,James Chester,1
2013,Vlad Chiriches,1
2013,Tom Cleverley,1
2013,James Collins,1
2013,Scott Dann,1
2013,Chris David,1
2013,Mathieu Debuchy,1
2013,Jermain Defoe,1
2013,Damien Delaney,1
2013,Mousa Dembélé,1
2013,Guy Demel,1
2013,Stewart Downing,1
2013,Paul Dummett,1
2013,Johan Elmander,1
2013,Marvin Emnes,1
2013,Patrice Evra,1
2013,Jon Flanagan,1
2013,Danny Gabbidon,1
2013,Sam Gallagher,1
2013,Serge Gnabry,1
2013,Danny Graham,1
2013,Sandro,1
2013,Aron Gunnarsson,1
2013,John Heitinga,1
2013,Grant Holt,1
2013,Wes Hoolahan,1
2013,Tom Ince,1
2013,Mile Jedinak,1
2013,Carl Jenkinson,1
2013,Kenwyne Jones,1
2013,Phil Jones,1
2013,Younes Kaboul,1
2013,Alexander Kacaniklic,1
2013,Kim Bo-Kyung,1
2013,Aleksandar Kolarov,1
2013,Sebastian Larsson,1
2013,Aaron Lennon,1
2013,Diego Lugano,1
2013,Antonio Luna,1
2013,Modibo Maiga,1
2013,Adrian Mariappa,1
2013,James McCarthy,1
2013,James Milner,1
2013,James Morrison,1
2013,Victor Moses,1
2013,Glenn Murray,1
2013,Mats Møller Dæhli,1
2013,Craig Noone,1
2013,Stuart O'Keefe,1
2013,John O'Shea,1
2013,John Obi Mikel,1
2013,Jonas Olsson,1
2013,Jermaine Pennant,1
2013,Steven Pienaar,1
2013,Erik Pieters,1
2013,Anthony Pilkington,1
2013,Gastón Ramírez,1
2013,Nathan Redmond,1
2013,Winston Reid,1
2013,Liam Ridgewell,1
2013,Danny Rose,1
2013,Liam Rosenior,1
2013,Bryan Ruiz,1
2013,Bacary Sagna,1
2013,Mamadou Sakho,1
2013,Ramires,1
2013,Philippe Senderos,1
2013,Ryan Shawcross,1
2013,Chris Smalling,1
2013,Steven Taylor,1
2013,Alexander Tettey,1
2013,Andros Townsend,1
2013,Ricky van Wolfswinkel,1
2013,Kyle Walker,1
2013,Steven Whittaker,1
2013,Ashley Williams,1
2013,Cauley Woodrow,1
2013,Claudio Yacob,1
2013,Maya Yoshida,1
2013,Pablo Zabaleta,1
2012,Robin van Persie,26
2012,Luis Suárez,23
2012,Gareth Bale,21
2012,Christian Benteke,19
2012,Michu,18
2012,Romelu Lukaku,17
2012,Demba Ba,15
2012,Dimitar Berbatov,15
2012,Rickie Lambert,15
2012,Frank Lampard,15
2012,Edin Dzeko,14
2012,Theo Walcott,14
2012,Sergio Agüero,12
2012,Santi Cazorla,12
2012,Adam Le Fondre,12
2012,Juan Mata,12
2012,Wayne Rooney,12
2012,Jermain Defoe,11
2012,Marouane Fellaini,11
2012,Steven Fletcher,11
2012,Olivier Giroud,11
2012,Arouna Koné,11
2012,Lukas Podolski,11
2012,Daniel Sturridge,11
2012,Carlos Tevez,11
2012,Chicharito,10
2012,Kevin Nolan,10
2012,Gabriel Agbonlahor,9
2012,Steven Gerrard,9
2012,Eden Hazard,9
2012,Papiss Demba Cissé,8
2012,Grant Holt,8
2012,Shane Long,8
2012,Fernando Torres,8
2012,Jonathan Walters,8
2012,Andy Carroll,7
2012,Peter Crouch,7
2012,Clint Dempsey,7
2012,Nikica Jelavic,7
2012,Hal Robson-Kanu,7
2012,Stéphane Sessegnon,7
2012,Yaya Touré,7
2012,Andreas Weimann,7
2012,Victor Anichebe,6
2012,Mikel Arteta,6
2012,Yohan Cabaye,6
2012,Craig Gardner,6
2012,Shinji Kagawa,6
2012,Shaun Maloney,6
2012,Kevin Mirallas,6
2012,Steven Pienaar,6
2012,Jason Puncheon,6
2012,Loïc Rémy,6
2012,Jay Rodriguez,6
2012,Robert Snodgrass,6
2012,Emmanuel Adebayor,5
2012,Leighton Baines,5
2012,Jonathan de Guzmán,5
2012,Franco Di Santo,5
2012,Jordan Henderson,5
2012,Branislav Ivanovic,5
2012,Adam Johnson,5
2012,Jimmy Kébé,5
2012,Gervinho,5
2012,James Morrison,5
2012,Peter Odemwingie,5
2012,Leon Osman,5
2012,Mladen Petric,5
2012,Anthony Pilkington,5
2012,Pavel Pogrebnyak,5
2012,Gastón Ramírez,5
2012,Wayne Routledge,5
2012,Bryan Ruiz,5
2012,Ramires,5
2012,Morgan Schneiderlin,5
2012,Adel Taarabt,5
2012,Hatem Ben Arfa,4
2012,Emmerson Boyce,4
2012,Oscar,4
2012,Patrice Evra,4
2012,Zoltán Gera,4
2012,Alexander Kacaniklic,4
2012,Aaron Lennon,4
2012,James Milner,4
2012,Steven Naismith,4
2012,Mark Noble,4
2012,Steve Sidwell,4
2012,David Silva,4
2012,John Terry,4
2012,Jan Vertonghen,4
2012,Bobby Zamora,4
2012,Charlie Adam,3
2012,Daniel Agger,3
2012,Sebastien Bassong,3
2012,Darren Bent,3
2012,Djibril Cissé,3
2012,Joe Cole,3
2012,Philippe Coutinho,3
2012,Mohamed Diamé,3
2012,Stewart Downing,3
2012,Damien Duff,3
2012,Nathan Dyer,3
2012,Jonny Evans,3
2012,Jordi Gómez,3
2012,Yoan Gouffran,3
2012,Danny Graham,3
2012,Pablo Hernández,3
2012,Wes Hoolahan,3
2012,Cameron Jerome,3
2012,Kenwyne Jones,3
2012,Michael Kightly,3
2012,Adam Lallana,3
2012,Russell Martin,3
2012,James McArthur,3
2012,Gareth McAuley,3
2012,James McCarthy,3
2012,Garath McCleary,3
2012,Per Mertesacker,3
2012,Luke Moore,3
2012,Rafael,3
2012,Angel Rangel,3
2012,Hugo Rodallega,3
2012,Gylfi Sigurdsson,3
2012,Moussa Sissoko,3
2012,Michael Turner,3
2012,Ricardo Vaz Tê,3
2012,Chris Baird,2
2012,Chris Brunt,2
2012,Alexander Büttner,2
2012,Gary Cahill,2
2012,Steven Caulker,2
2012,Tom Cleverley,2
2012,Carlton Cole,2
2012,Jack Collison,2
2012,José Fonte,2
2012,Steven Davis,2
2012,José Enrique,2
2012,Marc-Antoine Fortuné,2
2012,Javi García,2
2012,Ryan Giggs,2
2012,Jonny Howson,2
2012,Noel Hunt,2
2012,Phil Jagielka,2
2012,Matthew Jarvis,2
2012,Jermaine Jenas,2
2012,Laurent Koscielny,2
2012,Matthew Lowton,2
2012,David Luiz,2
2012,Jamie Mackie,2
2012,Modibo Maiga,2
2012,James McClean,2
2012,Callum McManaman,2
2012,Sean Morrison,2
2012,Youssouf Mulumbu,2
2012,Charles N'Zogbia,2
2012,Samir Nasri,2
2012,Joey O'Brien,2
2012,John O'Shea,2
2012,Iván Ramis,2
2012,Jack Rodwell,2
2012,Tomas Rosicky,2
2012,Martin Skrtel,2
2012,Raheem Sterling,2
2012,Andros Townsend,2
2012,Ron Vlaar,2
2012,Pablo Zabaleta,2
2012,Nani,1
2012,Shola Ameobi,1
2012,Benoit Assou-Ekotto,1
2012,Mario Balotelli,1
2012,Phil Bardsley,1
2012,Gareth Barry,1
2012,Jean Beausejour,1
2012,Elliott Bennett,1
2012,Ryan Bennett,1
2012,Gael Bigirimana,1
2012,Fabio Borini,1
2012,Jay Bothroyd,1
2012,Gary Caldwell,1
2012,Fraizer Campbell,1
2012,Michael Carrick,1
2012,Ciaran Clark,1
2012,Nathaniel Clyne,1
2012,Ashley Cole,1
2012,Carlos Cuellar,1
2012,Ben Davies,1
2012,Michael Dawson,1
2012,Anderson,1
2012,Mousa Dembélé,1
2012,Graham Dorrans,1
2012,Karim El Ahmadi,1
2012,Urby Emanuelson,1
2012,Roger Espinoza,1
2012,Rio Ferdinand,1
2012,Maynor Figueroa,1
2012,Darren Fletcher,1
2012,Daniel Fox,1
2012,William Gallas,1
2012,Darron Gibson,1
2012,Kaspars Gorkss,1
2012,Esteban Granero,1
2012,Sandro,1
2012,Danny Guthrie,1
2012,Jonás Gutiérrez,1
2012,Ángelo Henríquez,1
2012,David Junior Hoilett,1
2012,Brett Holman,1
2012,Robert Huth,1
2012,Simeon Jackson,1
2012,Bradley Johnson,1
2012,Glen Johnson,1
2012,Billy Jones,1
2012,Kei Kamara,1
2012,Jem Karacan,1
2012,Giorgos Karagounis,1
2012,Aleksandar Kolarov,1
2012,Vincent Kompany,1
2012,Sebastian Larsson,1
2012,Mikele Leigertwood,1
2012,Joleon Lescott,1
2012,Adrian Mariappa,1
2012,Marko Marin,1
2012,Sylvain Marveaux,1
2012,Nacho Monreal,1
2012,Steve Morison,1
2012,Victor Moses,1
2012,Ryan Nelsen,1
2012,Steven Nzonzi,1
2012,Gary O'Neil,1
2012,Michael Owen,1
2012,Alex Oxlade-Chamberlain,1
2012,James Perch,1
2012,Nick Powell,1
2012,Aaron Ramsey,1
2012,Winston Reid,1
2012,Kieran Richardson,1
2012,Sascha Riether,1
2012,Danny Rose,1
2012,Nuri Sahin,1
2012,Davide Santon,1
2012,Paul Scholes,1
2012,Ryan Shawcross,1
2012,Etey Shechter,1
2012,Jonjo Shelvey,1
2012,Scott Sinclair,1
2012,Matthew Taylor,1
2012,Dwight Tiendalli,1
2012,James Tomkins,1
2012,Matt Upson,1
2012,Luis Antonio Valencia,1
2012,David Vaughan,1
2012,Nemanja Vidic,1
2012,Ben Watson,1
2012,Danny Welbeck,1
2012,Dean Whitehead,1
2012,Steven Whittaker,1
2012,Shaun Wright-Phillips,1
2011,Robin van Persie,30
2011,Wayne Rooney,27
2011,Sergio Agüero,23
2011,Emmanuel Adebayor,17
2011,Yakubu,17
2011,Clint Dempsey,17
2011,Demba Ba,16
2011,Grant Holt,15
2011,Edin Dzeko,14
2011,Mario Balotelli,13
2011,Papiss Demba Cissé,13
2011,Steven Fletcher,12
2011,Danny Graham,12
2011,Jermain Defoe,11
2011,Frank Lampard,11
2011,Daniel Sturridge,11
2011,Luis Suárez,11
2011,Rafael van der Vaart,11
2011,Peter Crouch,10
2011,Chicharito,10
2011,Peter Odemwingie,10
2011,Gareth Bale,9
2011,Darren Bent,9
2011,Nikica Jelavic,9
2011,Steve Morison,9
2011,Danny Welbeck,9
2011,Nani,8
2011,Nicklas Bendtner,8
2011,Heidar Helguson,8
2011,Matthew Jarvis,8
2011,Ivan Klasnic,8
2011,Shane Long,8
2011,Anthony Pilkington,8
2011,Scott Sinclair,8
2011,Theo Walcott,8
2011,Mikel Arteta,7
2011,Dimitar Berbatov,7
2011,Franco Di Santo,7
2011,David Junior Hoilett,7
2011,Sebastian Larsson,7
2011,Jamie Mackie,7
2011,Stéphane Sessegnon,7
2011,Gylfi Sigurdsson,7
2011,Jonathan Walters,7
2011,Bobby Zamora,7
2011,Craig Bellamy,6
2011,Djibril Cissé,6
2011,Kevin Davies,6
2011,Adam Johnson,6
2011,Juan Mata,6
2011,Victor Moses,6
2011,Pavel Pogrebnyak,6
2011,David Silva,6
2011,John Terry,6
2011,Fernando Torres,6
2011,Yaya Touré,6
2011,Thomas Vermaelen,6
2011,Ashley Young,6
2011,Gabriel Agbonlahor,5
2011,Hatem Ben Arfa,5
2011,Didier Drogba,5
2011,Nathan Dyer,5
2011,Steven Gerrard,5
2011,Jordi Gómez,5
2011,James McClean,5
2011,James Morrison,5
2011,Samir Nasri,5
2011,Leon Osman,5
2011,Ramires,5
2011,Joe Allen,4
2011,Victor Anichebe,4
2011,Leighton Baines,4
2011,Yossi Benayoun,4
2011,Leon Best,4
2011,Yohan Cabaye,4
2011,Andy Carroll,4
2011,Mark Davies,4
2011,Kevin Doyle,4
2011,Chris Eagles,4
2011,Mauro Formica,4
2011,Wes Hoolahan,4
2011,Cameron Jerome,4
2011,Gervinho,4
2011,Luka Modric,4
2011,Stiliyan Petrov,4
2011,Martin Petrov,4
2011,Steven Pienaar,4
2011,Maxi Rodríguez,4
2011,Louis Saha,4
2011,Paul Scholes,4
2011,Andrew Surman,4
2011,Carlos Tevez,4
2011,Luis Antonio Valencia,4
2011,Joey Barton,3
2011,Emmerson Boyce,3
2011,Gary Cahill,3
2011,Gary Caldwell,3
2011,Mohamed Diamé,3
2011,Graham Dorrans,3
2011,Royston Drenthe,3
2011,David Edwards,3
2011,Matthew Etherington,3
2011,Marouane Fellaini,3
2011,Morten Gamst Pedersen,3
2011,Craig Gardner,3
2011,Stephen Hunt,3
2011,Robert Huth,3
2011,Branislav Ivanovic,3
2011,Simeon Jackson,3
2011,Andrew Johnson,3
2011,Robbie Keane,3
2011,Michael Kightly,3
2011,Vincent Kompany,3
2011,Aaron Lennon,3
2011,Shaun Maloney,3
2011,James McArthur,3
2011,James Milner,3
2011,David N'Gog,3
2011,Nigel Reo-Coker,3
2011,Paul Scharner,3
2011,Apostolos Vellios,3
2011,Stephen Ward,3
2011,Ben Watson,3
2011,Charlie Adam,2
2011,Marc Albrighton,2
2011,Antolín Alcaraz,2
2011,Shola Ameobi,2
2011,Keith Andrews,2
2011,Benoit Assou-Ekotto,2
2011,Jay Bothroyd,2
2011,Chris Brunt,2
2011,Ákos Buzsáky,2
2011,Tim Cahill,2
2011,Michael Carrick,2
2011,André Santos,2
2011,Anderson,2
2011,Rory Delap,2
2011,Mousa Dembélé,2
2011,Damien Duff,2
2011,David Dunn,2
2011,Marc-Antoine Fortuné,2
2011,Ryan Giggs,2
2011,David Goodwillie,2
2011,Jonás Gutiérrez,2
2011,Jordan Henderson,2
2011,Phil Jagielka,2
2011,Dong-Won Ji,2
2011,Bradley Johnson,2
2011,Aleksandar Kolarov,2
2011,Laurent Koscielny,2
2011,Dirk Kuyt,2
2011,Joleon Lescott,2
2011,Leroy Lita,2
2011,David Luiz,2
2011,Florent Malouda,2
2011,Russell Martin,2
2011,Gareth McAuley,2
2011,Luke Moore,2
2011,Danny Murphy,2
2011,Charles N'Zogbia,2
2011,Steven Nzonzi,2
2011,Jamie O'Hara,2
2011,Jonas Olsson,2
2011,Alex Oxlade-Chamberlain,2
2011,Park Ji-Sung,2
2011,Aaron Ramsey,2
2011,Kieran Richardson,2
2011,Rubén Rochina,2
2011,Hugo Rodallega,2
2011,Jack Rodwell,2
2011,Bryan Ruiz,2
2011,Christopher Samba,2
2011,Ryan Shawcross,2
2011,Martin Skrtel,2
2011,Tommy Smith,2
2011,Adel Taarabt,2
2011,Ryan Taylor,2
2011,Raul Meireles,2
2011,David Vaughan,2
2011,Kyle Walker,2
2011,Stephen Warnock,2
2011,Andreas Weimann,2
2011,David Wheater,2
2011,Luke Young,2
2011,Daniel Agger,1
2011,Marcos Alonso,1
2011,Nicolas Anelka,1
2011,Andrey Arshavin,1
2011,Barry Bannan,1
2011,Phil Bardsley,1
2011,Leon Barnett,1
2011,Gareth Barry,1
2011,Elliott Bennett,1
2011,José Bosingwa,1
2011,Dedryck Boyata,1
2011,Orlando Sá,1
2011,Titus Bramble,1
2011,Wes Brown,1
2011,Fraizer Campbell,1
2011,DJ Campbell,1
2011,Marouane Chamakh,1
2011,Ciaran Clark,1
2011,Sebastián Coates,1
2011,Jack Colback,1
2011,James Collins,1
2011,Albert Crusat,1
2011,Scott Dann,1
2011,Ritchie de Laet,1
2011,Shaun Derry,1
2011,Samba Diakité,1
2011,Mahamadou Diarra,1
2011,Richard Dunne,1
2011,Sylvan Ebanks-Blake,1
2011,Ahmed El Mohamady,1
2011,Jonny Evans,1
2011,Alejandro Faurlin,1
2011,Darren Fletcher,1
2011,Kieran Gibbs,1
2011,Darron Gibson,1
2011,Dan Gosling,1
2011,Magaye Gueye,1
2011,Danny Guthrie,1
2011,Grant Hanley,1
2011,John Heitinga,1
2011,Thierry Henry,1
2011,Chris Herd,1
2011,Emile Heskey,1
2011,Tim Howard,1
2011,Jonny Howson,1
2011,Stephen Ireland,1
2011,Glen Johnson,1
2011,Phil Jones,1
2011,Kenwyne Jones,1
2011,Younes Kaboul,1
2011,Salomon Kalou,1
2011,Niko Kranjcar,1
2011,Eric Lichaj,1
2011,Fabrice Muamba,1
2011,Youssouf Mulumbu,1
2011,Gabriel Obertan,1
2011,Andrea Orlandi,1
2011,Roman Pavlyuchenko,1
2011,Darren Pratley,1
2011,Steven Reid,1
2011,Micah Richards,1
2011,Sam Ricketts,1
2011,Liam Ridgewell,1
2011,Tomas Rosicky,1
2011,Wayne Routledge,1
2011,Bacary Sagna,1
2011,Stefan Savic,1
2011,Philippe Senderos,1
2011,Jonjo Shelvey,1
2011,Ryan Shotton,1
2011,Steve Sidwell,1
2011,Chris Smalling,1
2011,Alexandre Song,1
2011,Grétar Steinsson,1
2011,Denis Stracqualursi,1
2011,Taye Taiwo,1
2011,Somen Tchoyi,1
2011,Jerome Thomas,1
2011,Matt Upson,1
2011,Simon Vukcevic,1
2011,Glenn Whelan,1
2011,Connor Wickham,1
2011,Aaron Wilbraham,1
2011,Ashley Williams,1
2011,Pablo Zabaleta,1
2011,Ronald Zubar,1
2010,Dimitar Berbatov,20
2010,Carlos Tevez,20
2010,Robin van Persie,18
2010,Darren Bent,17
2010,Peter Odemwingie,15
2010,DJ Campbell,13
2010,Andy Carroll,13
2010,Chicharito,13
2010,Dirk Kuyt,13
2010,Florent Malouda,13
2010,Rafael van der Vaart,13
2010,Charlie Adam,12
2010,Clint Dempsey,12
2010,Kevin Nolan,12
2010,Didier Drogba,11
2010,Wayne Rooney,11
2010,Johan Elmander,10
2010,Steven Fletcher,10
2010,Asamoah Gyan,10
2010,Salomon Kalou,10
2010,Frank Lampard,10
2010,Samir Nasri,10
2010,Maxi Rodríguez,10
2010,Fernando Torres,10
2010,Nani,9
2010,Tim Cahill,9
2010,Kenwyne Jones,9
2010,Charles N'Zogbia,9
2010,Roman Pavlyuchenko,9
2010,Hugo Rodallega,9
2010,Theo Walcott,9
2010,Jermaine Beckford,8
2010,Kevin Davies,8
2010,Craig Gardner,8
2010,Daniel Sturridge,8
2010,Yaya Touré,8
2010,Demba Ba,7
2010,Gareth Bale,7
2010,Marouane Chamakh,7
2010,Stewart Downing,7
2010,Sylvan Ebanks-Blake,7
2010,Youssouf Mulumbu,7
2010,Louis Saha,7
2010,Ashley Young,7
2010,Shola Ameobi,6
2010,Nicolas Anelka,6
2010,Andrey Arshavin,6
2010,Mario Balotelli,6
2010,Leon Best,6
2010,Brede Hangeland,6
2010,Robert Huth,6
2010,Peter Løvenkrands,6
2010,Frédéric Piquionne,6
2010,Gary Taylor-Fletcher,6
2010,Somen Tchoyi,6
2010,Jonathan Walters,6
2010,Danny Welbeck,6
2010,Marc Albrighton,5
2010,Leighton Baines,5
2010,Carlton Cole,5
2010,Kevin Doyle,5
2010,Matthew Etherington,5
2010,Marlon Harewood,5
2010,David Junior Hoilett,5
2010,Nikola Kalinic,5
2010,Park Ji-Sung,5
2010,Scott Parker,5
2010,Jason Roberts,5
2010,Raul Meireles,5
2010,Luke Varney,5
2010,Nemanja Vidic,5
2010,Bobby Zamora,5
2010,Nikola Zigic,5
2010,Joey Barton,4
2010,Lee Bowyer,4
2010,Chris Brunt,4
2010,Séamus Coleman,4
2010,Peter Crouch,4
2010,Simon Davies,4
2010,Jermain Defoe,4
2010,Damien Duff,4
2010,Brett Emerton,4
2010,Ricardo Fuller,4
2010,Morten Gamst Pedersen,4
2010,Steven Gerrard,4
2010,Branislav Ivanovic,4
2010,Matthew Jarvis,4
2010,Adam Johnson,4
2010,Ivan Klasnic,4
2010,Sebastian Larsson,4
2010,James Morrison,4
2010,Mark Noble,4
2010,Leon Osman,4
2010,Kieran Richardson,4
2010,Liam Ridgewell,4
2010,Christopher Samba,4
2010,Paul Scharner,4
2010,David Silva,4
2010,Alexandre Song,4
2010,Luis Suárez,4
2010,Gabriel Agbonlahor,3
2010,Mikel Arteta,3
2010,Phil Bardsley,3
2010,Gary Cahill,3
2010,Ciaran Clark,3
2010,Tom Cleverley,3
2010,James Collins,3
2010,Mousa Dembélé,3
2010,Mame Biram Diouf,3
2010,Michael Essien,3
2010,Cesc Fàbregas,3
2010,Jonás Gutiérrez,3
2010,Jordan Henderson,3
2010,Emile Heskey,3
2010,Stephen Hunt,3
2010,Cameron Jerome,3
2010,Andrew Johnson,3
2010,Lee Chung-Yong,3
2010,Aaron Lennon,3
2010,Joleon Lescott,3
2010,James McCarthy,3
2010,Luka Modric,3
2010,Benjani,3
2010,Ryan Nelsen,3
2010,Jamie O'Hara,3
2010,Victor Obinna,3
2010,Jermaine Pennant,3
2010,Martin Petrov,3
2010,Jason Puncheon,3
2010,Stéphane Sessegnon,3
2010,Steven Taylor,3
2010,John Terry,3
2010,Jerome Thomas,3
2010,Carlos Vela,3
2010,Ben Watson,3
2010,Abou Diaby,2
2010,Chris Baird,2
2010,Alex Baptiste,2
2010,Gareth Barry,2
2010,Jean Beausejour,2
2010,Valon Behrami,2
2010,Nicklas Bendtner,2
2010,Diniyar Bilyaletdinov,2
2010,Joe Cole,2
2010,Fabricio Coloccini,2
2010,Scott Dann,2
2010,Rory Delap,2
2010,Alex,2
2010,Sylvain Distin,2
2010,David Dunn,2
2010,Edin Dzeko,2
2010,George Elokobi,2
2010,Dickson Etuhu,2
2010,Darren Fletcher,2
2010,Kevin Foley,2
2010,Marc-Antoine Fortuné,2
2010,Ryan Giggs,2
2010,Danny Higginbotham,2
2010,Thomas Hitzlsperger,2
2010,Stuart Holden,2
2010,Tom Huddlestone,2
2010,Alan Hutton,2
2010,Glen Johnson,2
2010,Roger Johnson,2
2010,Diomansy Kamara,2
2010,Robbie Keane,2
2010,Laurent Koscielny,2
2010,Niko Kranjcar,2
2010,Sotirios Kyrgiakos,2
2010,David Luiz,2
2010,Nenad Milijas,2
2010,David N'Gog,2
2010,Martin Olsson,2
2010,Michael Owen,2
2010,Ramires,2
2010,Steve Sidwell,2
2010,Martin Skrtel,2
2010,Matthew Taylor,2
2010,David Vaughan,2
2010,Patrick Vieira,2
2010,Dean Whitehead,2
2010,Pablo Zabaleta,2
2010,Boudewijn Zenden,2
2010,Emmanuel Adebayor,1
2010,Yakubu,1
2010,Antolín Alcaraz,1
2010,Ryan Babel,1
2010,Sebastien Bassong,1
2010,Hatem Ben Arfa,1
2010,Yossi Benayoun,1
2010,Robbie Blake,1
2010,John Carew,1
2010,Craig Cathcart,1
2010,Tamir Cohen,1
2010,Simon Cox,1
2010,Jody Craddock,1
2010,Manuel da Costa,1
2010,Fabio,1
2010,Mark Davies,1
2010,Michael Dawson,1
2010,Anderson,1
2010,Nigel de Jong,1
2010,Nathan Delfouneso,1
2010,Franco Di Santo,1
2010,Abdoulaye Diagne-Faye,1
2010,Mohamed Diamé,1
2010,Johan Djourou,1
2010,Graham Dorrans,1
2010,Neal Eardley,1
2010,Emmanuel Eboué,1
2010,David Edwards,1
2010,Ian Evatt,1
2010,Patrice Evra,1
2010,Keith Fahey,1
2010,Marouane Fellaini,1
2010,Maynor Figueroa,1
2010,Zoltán Gera,1
2010,Gaël Givet,1
2010,Steve Gohouri,1
2010,Jordi Gómez,1
2010,Elliot Grandin,1
2010,Adlène Guédioura,1
2010,Sandro,1
2010,John Heitinga,1
2010,Aliaksandr Hleb,1
2010,Aaron Hughes,1
2010,Pablo Ibáñez,1
2010,Phil Jagielka,1
2010,Gonzalo Jara,1
2010,David Jones,1
2010,Younes Kaboul,1
2010,Gaël Kakuta,1
2010,Zat Knight,1
2010,Aleksandar Kolarov,1
2010,Federico Macheda,1
2010,James Milner,1
2010,Rodrigo Moreno,1
2010,Victor Moses,1
2010,Fabrice Muamba,1
2010,Sulley Muntari,1
2010,Phil Neville,1
2010,Steven Nzonzi,1
2010,Jonas Olsson,1
2010,Nedum Onuoha,1
2010,Brett Ormerod,1
2010,Stiliyan Petrov,1
2010,Kevin Phillips,1
2010,Matt Phillips,1
2010,Steven Pienaar,1
2010,Aaron Ramsey,1
2010,Steven Reid,1
2010,Micah Richards,1
2010,Cristian Riveros,1
2010,Bacary Sagna,1
2010,Conor Sammon,1
2010,Tuncay Sanli,1
2010,Paul Scholes,1
2010,Freddie Sears,1
2010,Ryan Shawcross,1
2010,Jonathan Spector,1
2010,Sébastien Squillaci,1
2010,Ronnie Stam,1
2010,Junior Stanislas,1
2010,Grétar Steinsson,1
2010,Cheick Tioté,1
2010,James Tomkins,1
2010,Kolo Touré,1
2010,Luis Antonio Valencia,1
2010,Jelle Van Damme,1
2010,Kyle Walker,1
2010,Stephen Ward,1
2010,Jack Wilshere,1
2010,Marc Wilson,1
2010,Luke Young,1
2010,Ronald Zubar,1
2009,Didier Drogba,29
2009,Wayne Rooney,26
2009,Darren Bent,24
2009,Carlos Tevez,23
2009,Frank Lampard,22
2009,Jermain Defoe,18
2009,Fernando Torres,18
2009,Cesc Fàbregas,15
2009,Emmanuel Adebayor,14
2009,Gabriel Agbonlahor,13
2009,Louis Saha,13
2009,Dimitar Berbatov,12
2009,Florent Malouda,12
2009,Nicolas Anelka,11
2009,Cameron Jerome,11
2009,Andrey Arshavin,10
2009,Craig Bellamy,10
2009,John Carew,10
2009,Carlton Cole,10
2009,Hugo Rodallega,10
2009,Kevin Doyle,9
2009,David Dunn,9
2009,Steven Gerrard,9
2009,Kenwyne Jones,9
2009,Dirk Kuyt,9
2009,Robin van Persie,9
2009,Tim Cahill,8
2009,Peter Crouch,8
2009,Aruna Dindane,8
2009,Steven Fletcher,8
2009,Ivan Klasnic,8
2009,Matthew Taylor,8
2009,Bobby Zamora,8
2009,Graham Alexander,7
2009,Kevin Davies,7
2009,Clint Dempsey,7
2009,Alessandro Diamanti,7
2009,James Milner,7
2009,Thomas Vermaelen,7
2009,Abou Diaby,6
2009,Mikel Arteta,6
2009,Yossi Benayoun,6
2009,Nicklas Bendtner,6
2009,Diniyar Bilyaletdinov,6
2009,Damien Duff,6
2009,Stephen Hunt,6
2009,Robbie Keane,6
2009,Niko Kranjcar,6
2009,David Nugent,6
2009,Yakubu,5
2009,Lee Bowyer,5
2009,Jimmy Bullard,5
2009,Gary Cahill,5
2009,Jody Craddock,5
2009,Matthew Etherington,5
2009,Guillermo Franco,5
2009,Ryan Giggs,5
2009,Salomon Kalou,5
2009,James McFadden,5
2009,Danny Murphy,5
2009,David N'Gog,5
2009,Charles N'Zogbia,5
2009,Roman Pavlyuchenko,5
2009,Frédéric Piquionne,5
2009,Jason Roberts,5
2009,Luis Antonio Valencia,5
2009,Ashley Young,5
2009,Nani,4
2009,Ilan Araujo,4
2009,Ryan Babel,4
2009,Michael Ballack,4
2009,Fraizer Campbell,4
2009,Ashley Cole,4
2009,Wade Elliott,4
2009,Darren Fletcher,4
2009,Sebastian Larsson,4
2009,Lee Chung-Yong,4
2009,Ryan Nelsen,4
2009,Martin Paterson,4
2009,Martin Petrov,4
2009,Kevin Phillips,4
2009,Steven Pienaar,4
2009,Christopher Samba,4
2009,Tuncay Sanli,4
2009,Paul Scharner,4
2009,Steven Thompson,4
2009,Shaun Wright-Phillips,4
2009,Gareth Bale,3
2009,James Beattie,3
2009,Nadir Belhadj,3
2009,Christian Benitez,3
2009,Kevin-Prince Boateng,3
2009,Emmerson Boyce,3
2009,Michael Carrick,3
2009,Tamir Cohen,3
2009,El Hadji Diouf,3
2009,Richard Dunne,3
2009,Johan Elmander,3
2009,Michael Essien,3
2009,Ricardo Fuller,3
2009,William Gallas,3
2009,Morten Gamst Pedersen,3
2009,Geovanni,3
2009,Emile Heskey,3
2009,Robert Huth,3
2009,Matthew Jarvis,3
2009,Glen Johnson,3
2009,Younes Kaboul,3
2009,Dave Kitson,3
2009,Aaron Lennon,3
2009,Luka Modric,3
2009,Erik Nevland,3
2009,Michael Owen,3
2009,Park Ji-Sung,3
2009,Denilson,3
2009,Aaron Ramsey,3
2009,Micah Richards,3
2009,Liam Ridgewell,3
2009,Tomas Rosicky,3
2009,Roque Santa Cruz,3
2009,Paul Scholes,3
2009,Junior Stanislas,3
2009,Matt Upson,3
2009,Jan Vennegoor of Hesselink,3
2009,Theo Walcott,3
2009,Eduardo da Silva,2
2009,Gareth Barry,2
2009,David Bentley,2
2009,Robbie Blake,2
2009,Titus Bramble,2
2009,Michael Brown,2
2009,Gary Caldwell,2
2009,Joe Cole,2
2009,Jack Collison,2
2009,Carlos Cuellar,2
2009,Manuel da Costa,2
2009,Michael Dawson,2
2009,Deco,2
2009,Abdoulaye Diagne-Faye,2
2009,Landon Donovan,2
2009,Stewart Downing,2
2009,Chris Eagles,2
2009,Sylvan Ebanks-Blake,2
2009,Craig Fagan,2
2009,Marouane Fellaini,2
2009,Caleb Folan,2
2009,Zoltán Gera,2
2009,Darron Gibson,2
2009,Gaël Givet,2
2009,Dan Gosling,2
2009,Tom Huddlestone,2
2009,Stephen Ireland,2
2009,Nikola Kalinic,2
2009,Kanu,2
2009,Ledley King,2
2009,Vincent Kompany,2
2009,Radoslav Kovac,2
2009,Nenad Milijas,2
2009,Samir Nasri,2
2009,Mark Noble,2
2009,Steven Nzonzi,2
2009,Jamie O'Hara,2
2009,Stefano Okaka,2
2009,Leon Osman,2
2009,Scott Parker,2
2009,Andy Reid,2
2009,Jack Rodwell,2
2009,Ryan Shawcross,2
2009,Mamady Sidibe,2
2009,John Terry,2
2009,Michael Turner,2
2009,Glenn Whelan,2
2009,Hassan Yebda,2
2009,Kamil Zayatte,2
2009,Boudewijn Zenden,2
2009,Jozy Altidore,1
2009,Keith Andrews,1
2009,Victor Anichebe,1
2009,Alberto Aquilani,1
2009,Benoit Assou-Ekotto,1
2009,Will Atkinson,1
2009,Leighton Baines,1
2009,Sebastien Bassong,1
2009,Valon Behrami,1
2009,André Bikey,1
2009,Luís Boa Morte,1
2009,George Boateng,1
2009,Tom Cairney,1
2009,Steven Caldwell,1
2009,Pascal Chimbonda,1
2009,James Collins,1
2009,Jack Cork,1
2009,Vedran Corluka,1
2009,Mark Cullen,1
2009,Curtis Davies,1
2009,Andy Dawson,1
2009,Anderson,1
2009,Nathan Delfouneso,1
2009,Franco Di Santo,1
2009,Mohamed Diamé,1
2009,Salif Diao,1
2009,Alex,1
2009,Mame Biram Diouf,1
2009,Emmanuel Eboué,1
2009,David Edwards,1
2009,David Elm,1
2009,Julien Faubert,1
2009,Maynor Figueroa,1
2009,Daniel Fox,1
2009,Ricardo Gardner,1
2009,Craig Gardner,1
2009,Javier Garrido,1
2009,Kamel Ghilas,1
2009,Steve Gohouri,1
2009,Jordi Gómez,1
2009,Jonathan Greening,1
2009,Eidur Gudjohnsen,1
2009,Adlène Guédioura,1
2009,Brede Hangeland,1
2009,Jordan Henderson,1
2009,Danny Higginbotham,1
2009,Zavon Hines,1
2009,Hermann Hreidarsson,1
2009,Branislav Ivanovic,1
2009,Jermaine Jenas,1
2009,Luis Jiménez,1
2009,Adam Johnson,1
2009,David Jones,1
2009,Diomansy Kamara,1
2009,Andy Keogh,1
2009,Kevin Kilbane,1
2009,Zat Knight,1
2009,Paul Konchesky,1
2009,Jason Koumas,1
2009,Sotirios Kyrgiakos,1
2009,Liam Lawrence,1
2009,Joleon Lescott,1
2009,Federico Macheda,1
2009,Stefan Maierhofer,1
2009,Dean Marney,1
2009,James McCarthy,1
2009,Benni McCarthy,1
2009,Kevin McDonald,1
2009,John Mensah,1
2009,Fran Mérida,1
2009,Victor Moses,1
2009,Steven Mouyokolo,1
2009,Fabrice Muamba,1
2009,Garry O'Connor,1
2009,John O'Shea,1
2009,Seyi Olofinjana,1
2009,Martin Olsson,1
2009,Nedum Onuoha,1
2009,Wilson Palacios,1
2009,Rafael,1
2009,Danny Pugh,1
2009,Kieran Richardson,1
2009,Maxi Rodríguez,1
2009,Danny Rose,1
2009,Jason Scotland,1
2009,Mikaël Silvestre,1
2009,Scott Sinclair,1
2009,Martin Skrtel,1
2009,Tommy Smith,1
2009,Alexandre Song,1
2009,Richard Stearman,1
2009,Daniel Sturridge,1
2009,Kolo Touré,1
2009,John Utaka,1
2009,James Vaughan,1
2009,Carlos Vela,1
2009,Nemanja Vidic,1
2009,Patrick Vieira,1
2009,Ben Watson,1
2009,Danny Webber,1
2009,Jack Wilshere,1
2009,Joseph Yobo,1
2009,Ronald Zubar,1
